{"IcoMoonType":"selection","icons":[{"icon":{"paths":["M512 225.28c-335.923 0-512 247.398-512 286.72 0 39.219 176.077 286.72 512 286.72 335.872 0 512-247.501 512-286.72 0-39.322-176.128-286.72-512-286.72zM512 732.518c-125.696 0-227.584-98.714-227.584-220.518s101.888-220.621 227.584-220.621c125.696 0 227.533 98.816 227.533 220.621s-101.837 220.518-227.533 220.518zM512 512c-20.838-22.886 33.946-110.285 0-110.285-62.874 0-113.818 49.408-113.818 110.285s50.944 110.285 113.818 110.285c62.822 0 113.818-49.408 113.818-110.285 0-28.006-96.102 19.405-113.818 0z"],"attrs":[],"isMulticolor":false,"isMulticolor2":false,"tags":["eye"],"grid":20},"attrs":[],"properties":{"id":162,"order":2,"prevSize":20,"code":59648,"name":"eye"},"setIdx":0,"setId":0,"iconIdx":161}],"height":1024,"metadata":{"name":"icomoon"},"preferences":{"showGlyphs":true,"showQuickUse":true,"showQuickUse2":true,"showSVGs":true,"fontPref":{"prefix":"icon-","metadata":{"fontFamily":"icomoon"},"metrics":{"emSize":1024,"baseline":6.25,"whitespace":50},"embed":false},"imagePref":{"prefix":"icon-","png":true,"useClassSelector":true,"color":0,"bgColor":16777215,"classSelector":".icon"},"historySize":50,"showCodes":true,"gridSize":16}}